CAT,UPC
Watersport/SUP/Inflatable,0
Watersport/Ski/Bindings,0
Watersport/Ski/Bag,0
Women/Outerwear/Suit,0
Skateboard/Shoes/Womens,0
Ski/Poles/Accessory,0
Watersport/SUP/Hard,0
Wakeboard/Surf/Bag,0
Ski/X-Country/Bindings,0
Electronic/Camera/Accessory,0
Service/Snowboard/BindngPart,0
Service/Ski/BindngPart,1
Watersport/Ski/Single,1
Watersport/Wetsuit/Youth,1
Ski/Boots/Liner,1
Ski/Bindings/Womens,1
Ski/Bags/Backpack,1
Wakeboard/Bags,1
Safety/Avalanche/Shovel,1
Safety/Avalanche/Tranceiver,1
Safety/Helmet/Wakeboard,1
FBA/Bindings/Womens,1
Wakeboard/Packages/Youth,1
Safety/Avalanche/Probe,1
Wakeboard/Boots/Womens,2
Wakeboard/Wakeskate,2
Watersport/Rashguard/Womens,2
Service/Ski/Tune,2
Skateboard/Complete/Street,2
Safety/Pad/Skate,2
Wakeboard/Accessory,2
Race/Night,3
Skateboard/Accessory,3
Womens/Lifestyle/Jumpsuit,3
Snowboard/Bags/Travel,3
Youth/Baselayer/Suit,3
Wakeboard/Packages/Womens,3
Lifejacket/Nylon/Womens,3
FBA/Board/Youth,3
Watersport/Kneeboard/Board,4
Watersport/Rashguard/Mens,4
Lifejacket/Neoprene/Dog,4
Electronic/Audio,4
Watersport/SUP/Accessory,4
Ski/Bags/Gear,5
Safety/Race/Ski,5
Safety/Pad/Snow,5
Watersport/Ski/Combo,6
Skateboard/Bearings,6
Skateboard/Complete,6
Mens/Outerwear/Suit,6
Lifejacket/Nylon/Youth,6
Youth/Baselayer/Top,6
Skateboard/Griptape,7
Youth/Baselayer/Bottom,7
Wakeboard/Board/Mens,7
Snowboard/Socks/Youth,7
Winter/Equipment,7
Skateboard/Hardware,8
Lifejacket/Nylon/Men,8
Ski/Bindings/Youth,8
Mens/Baselayer/Suit,8
Womens/Baselayer/Suit,8
Skateboard/Completes/Long Board,9
Wakeboard/Boots/Unisex,9
Eyewear/Goggles/Womens,9
Ski/Poles/Baskets,9
Stupid/Misc/Crap,10
Disc Golf/Bag,10
Womens/Lifestyle/Accessory,10
Lifejacket/Neoprene/Womens,11
Watersport/Ski/Handle,11
Ski/X-Country/Skis,11
Wakeboard/Surf/Accessory,12
Ski/X-Country/Boots,12
Service/Ski/Brakes,13
Wakeboard/Packages/Unisex,13
Snowboard/Socks/Adult,13
Hike/Pack/Map/Book,14
Eyewear/Sunglasses/Womens,14
Skateboard/Wheels/Longboard,14
Snowboard/Bags/Board Bag,17
Eyewear/Goggles/Moto,18
Watersport/Ski/Accessory,19
Lifejacket/Neoprene/Youth,19
Hike/Pack/Womens/Shoes,19
Snowboard/Bags/Wheel,19
Watersport/Wetsuit/Womens,20
Ski/Bags/Boot,20
Snowboard/Bindings/Youth,22
Youth/Outerwear/Gloves,24
Ski/Tuning/Tool,24
Kayak/Accessory,25
Safety/Helmet/Skate,25
Ski/Boots/Accessory,26
Hike/Pack/Mens/Shoes,26
Lifejacket/Neoprene/Men,27
Eyewear/Sunglasses/Accessory,27
Watersport/Towable/Accessory,28
Wakeboard/Wakesurfs,29
Skateboard/Deck/Street,29
Ski/Socks/Youth,32
Ski/Tune/Wax,32
Snowboard/Boots/Youth,32
Watersport/Wetsuit/Mens,33
Hike/Pack/Snow/Shoes,34
Watersport/Towable/Tube,34
Womens/Lifestyle/Shorts,36
Snowboard/Bags/Gear,38
Womens/Lifestyle/Jacket,40
Womens/Baselayer/Bottom,41
Ski/Boots/Parts,41
Womens/Baselayer/Top,43
Womens/Lifestyle/Pants,43
Mens/Baselayer/Bottom,44
Ski/Accessory/Insoles,44
Youth/Outerwear/Mittens,45
Womens/Lifestyle/Dress,46
Mens/Lifestyle/Bag,46
Snowboard/Board/Youth,48
Ski/Bags/Ski,48
Eyewear/Goggles/Youth,50
Snowboard/Accessorie/StompPads,53
Eyewear/Goggles/Accessory,54
Mens/Swimwear/Shorts,54
Skateboard/Trucks/Street,57
Mens/Lifestyle/Jacket,61
Hike/Pack/Accessory,62
Mens/Baselayer/Top,62
Mens/Lifestyle/Shoes,62
Snowboard/Accessory,62
Skateboard/Wheels/Street,66
Ski/Poles/Youth,68
Snowboard/Bags/Backpack,70
Eyewear/Goggles/Rep. Lens,72
Womens/Lifestyle/Shoes,73
Womens/Outerwear/Gloves,73
Ski/Skis/Youth,74
Ski/Accessory,82
Mens/Lifestyle/Shorts,82
Youth/Outerwear/Jacket,84
Youth/Outerwear/Pants,85
Mens/Lifestyle/Accessory,90
Ski/Boots/Youth,92
Mens/Lifestyle/Pants,92
Snowboard/Board/Womens,94
Womens/Midlayer,98
Womens/Swimwear,100
Womens/Outerwear/Mittens,104
Snowboard/Bindings/Women,110
Headwear/Hat,124
Ski/Bindings/Mens,129
Ski/Skis/Womens,133
Mens/Midlayer,135
Hike/Pack/Hydration,141
Ski/Socks/Adult,155
Mens/Outerwear/Mittens,201
Ski/Boots/Womens,212
Snowboard/Boots/Womens,215
Mens/Outerwear/Gloves,226
Womens/Outerwear/Jacket,230
Ski/Skis/Mens,244
Womens/Lifestyle/Top,248
Snowboard/Bindings/Unisex,259
Womens/Outerwear/Pants,265
Mens/Outerwear/Jackets,282
Ski/Poles/Adult,295
Ski/Boots/Mens,315
Mens/Outerwear/Pants,329
Snowboard/Board/Mens,334
Skateboard/Shoes/Mens,359
Headwear/Facemask,366
Eyewear/Sunglasses/Unisex,402
Mens/Lifestyle/Top,460
Eyewear/Goggles/Unisex,479
Headwear/Beanie,516
Safety/Helmet/Ski,561
Snowboard/Boots/Mens,637
